Code|COMMUNE|Service des Impôts des Particuliers (SIP)|Secteur d'as-siette (SA)|Service des Impôts des Entreprises (SIE)|Pôle enregis-trement (PE)|Centre des Impôts Foncier (CDIF)|Trésorerie|"Services de 
publicité foncière
(SPF)"|Code postal|
001|AGASSAC|STG|2|STG|STG|STG|0048|STG|31230|
002|AIGNES|TR|3|TR|TO3|MUR|0020|MUR|31550|
003|AIGREFEUILLE|TSE|1|TR|TO3|COL|0005|TO3|31280|
005|ALAN|STG|2|STG|STG|STG|0046|STG|31420|
006|ALBIAC|TSE|1|TR|TO3|COL|0005|TO3|31460|
007|AMBAX|STG|2|STG|STG|STG|0048|STG|31230|
008|ANAN|STG|2|STG|STG|STG|0048|STG|31230|
009|ANTICHAN-DE-FRONTIGNES|STG|3|STG|STG|STG|0051|STG|31510|
010|ANTIGNAC|STG|3|STG|STG|STG|0047|STG|31110|
011|ARBAS|STG|1|STG|STG|STG|0045|STG|31160|
012|ARBON|STG|1|STG|STG|STG|0045|STG|31160|
013|ARDIEGE|STG|3|STG|STG|STG|0051|STG|31210|
014|ARGUENOS|STG|1|STG|STG|STG|0045|STG|31160|
015|ARGUT-DESSOUS|STG|3|STG|STG|STG|0052|STG|31440|
017|ARLOS|STG|3|STG|STG|STG|0052|STG|31440|
018|ARNAUD-GUILHEM|STG|1|STG|STG|STG|0054|STG|31360|
019|ARTIGUE|STG|3|STG|STG|STG|0047|STG|31110|
020|ASPET|STG|1|STG|STG|STG|0045|STG|31160|
021|ASPRET SARRAT|STG|4|STG|STG|STG|0015|STG|31800|
022|AUCAMVILLE|TN|3|TN|TO3|TOU|0042|TO1|31140|
023|AULON|STG|2|STG|STG|STG|0046|STG|31420|
024|AURAGNE|TR|1|TR|TO3|COL|0055|TO3|31190|
025|AUREVILLE|TR|2|TR|TO3|COL|0065|TO3|31320|
026|AURIAC SUR VENDINELLE|TSE|1|TR|TO3|COL|0005|TO3|31460|
027|AURIBAIL|MUR|3|MUR|TO3|MUR|0055|MUR|31190|
028|AURIGNAC|STG|2|STG|STG|STG|0046|STG|31420|
029|AURIN|TSE|1|TR|TO3|COL|0005|TO3|31570|
030|AUSSEING|STG|2|STG|STG|STG|0054|STG|31260|
031|AUSSON|STG|4|STG|STG|STG|0051|STG|31210|
032|AUSSONNE|COL|4|COL|TO3|COL|0043|TO2|31840|
033|AUTERIVE|MUR|3|MUR|TO3|MUR|0055|MUR|31190|
034|AUZAS|STG|1|STG|STG|STG|0054|STG|31360|
035|AUZEVILLE TOLOSANE|TR|4|TR|TO3|COL|0065|TO3|31320|
036|AUZIELLE|TSE|1|TR|TO3|COL|0028|TO3|31650|
037|AVIGNONET LAURAGAIS|TSE|4|TR|TO3|COL|0039|TO3|31290|
004|AYGUESVIVES|TR|1|TR|TO3|COL|0003|TO3|31450|
038|AZAS|B|2|B|TO3|COL|0092|TO3|31380|
039|BACHAS|STG|2|STG|STG|STG|0046|STG|31420|
040|BACHOS|STG|3|STG|STG|STG|0052|STG|31440|
041|BAGIRY|STG|3|STG|STG|STG|0051|STG|31510|
042|BAGNERES-DE-LUCHON|STG|3|STG|STG|STG|0047|STG|31110|
043|BALESTA|STG|4|STG|STG|STG|0051|STG|31580|
044|BALMA|B|1|B|TO3|TOU|0092|TO1|31130|
045|BARBAZAN|STG|3|STG|STG|STG|0051|STG|31510|
046|BAREN|STG|3|STG|STG|STG|0052|STG|31440|
047|BAX|MUR|4|MUR|TO3|MUR|0056|MUR|31310|
048|BAZIEGE|TSE|2|TR|TO3|COL|0003|TO3|31450|
049|BAZUS|B|4|B|TO3|COL|0092|TO3|31380|
050|BEAUCHALOT|STG|1|STG|STG|STG|0054|STG|31360|
051|BEAUFORT|MUR|2|MUR|TO3|MUR|0060|MUR|31370|
052|BEAUMONT SUR LEZE|MUR|3|MUR|TO3|MUR|0055|MUR|31870|
053|BEAUPUY|B|2|B|TO3|TOU|0092|TO1|31850|
054|BEAUTEVILLE|TR|3|TR|TO3|COL|0039|TO3|31290|
055|BEAUVILLE|TSE|4|TR|TO3|COL|0005|TO3|31460|
056|BEAUZELLE|TNO|2|TNO|TO3|COL|0043|TO2|31700|
057|BELBERAUD|TSE|3|TR|TO3|COL|0003|TO3|31450|
058|BELBEZE DE LAURAGAIS|TR|1|TR|TO3|COL|0003|TO3|31450|
059|BELBEZE-EN-COMMINGES|STG|2|STG|STG|STG|0054|STG|31260|
060|BELESTA EN LAURAGAIS|TSE|2|TR|TO3|COL|0021|TO3|31540|
061|BELLEGARDE STE MARIE|COL|2|COL|TO3|COL|0012|TO2|31530|
062|BELLESSERRE|COL|1|COL|TO3|COL|0012|TO2|31480|
063|BENQUE|STG|2|STG|STG|STG|0046|STG|31420|
064|BENQUE-DESSOUS-ET-DESSUS|STG|3|STG|STG|STG|0047|STG|31110|
065|BERAT|MUR|2|MUR|TO3|MUR|0060|MUR|31370|
066|BESSIERES|B|4|B|TO3|COL|0092|TO3|31660|
067|BEZINS-GARRAUX|STG|3|STG|STG|STG|0052|STG|31440|
068|BILLIERE|STG|3|STG|STG|STG|0047|STG|31110|
590|BINOS|STG|3|STG|STG|STG|0052|STG|31440|
069|BLAGNAC|TNO|3|TNO|TO3|COL|0043|TO2|31700|
070|BLAJAN|STG|4|STG|STG|STG|0048|STG|31350|
071|BOIS DE LA PIERRE|MUR|4|MUR|TO3|MUR|0056|MUR|31390|
072|BOISSEDE|STG|2|STG|STG|STG|0048|STG|31230|
073|BONDIGOUX|B|4|B|TO3|COL|0092|TO2|31340|
074|BONREPOS RIQUET|B|2|B|TO3|COL|0092|TO3|31590|
075|BONREPOS SUR AUSSONNELLE|MUR|4|MUR|TO3|MUR|0062|MUR|31470|
076|BORDES-DE-RIVIERE|STG|4|STG|STG|STG|0051|STG|31210|
078|BOUDRAC|STG|4|STG|STG|STG|0051|STG|31580|
079|BOULOC|TN|4|TN|TO3|COL|0011|TO2|31620|
080|BOULOGNE-SUR-GESSE|STG|4|STG|STG|STG|0048|STG|31350|
082|BOURG ST BERNARD|TSE|1|TR|TO3|COL|0005|TO3|31570|
081|BOURG-D OUEIL|STG|3|STG|STG|STG|0047|STG|31110|
083|BOUSSAN|STG|2|STG|STG|STG|0046|STG|31420|
084|BOUSSENS|STG|1|STG|STG|MUR|0057|MUR|31360|
085|BOUTX|STG|3|STG|STG|STG|0052|STG|31440|
086|BOUZIN|STG|2|STG|STG|STG|0046|STG|31420|
087|BRAGAYRAC|MUR|3|MUR|TO3|MUR|0062|MUR|31470|
088|BRAX|COL|1|COL|TO3|COL|0093|TO2|31490|
089|BRETX|COL|3|COL|TO3|COL|0012|TO2|31530|
090|BRIGNEMONT|COL|4|COL|TO3|COL|0012|TO2|31480|
091|BRUGUIERES|TN|4|TN|TO3|COL|0032|TO2|31150|
092|BURGALAYS|STG|3|STG|STG|STG|0052|STG|31440|
094|BUZET SUR TARN|B|2|B|TO3|COL|0092|TO3|31660|
096|CABANAC SEGUENVILLE|COL|2|COL|TO3|COL|0012|TO2|31480|
095|CABANAC-CAZAUX|STG|1|STG|STG|STG|0045|STG|31160|
098|CADOURS|COL|3|COL|TO3|COL|0012|TO2|31480|
099|CAIGNAC|TR|3|TR|TO3|COL|0020|TO3|31560|
100|CALMONT|TR|3|TR|TO3|COL|0020|TO3|31560|
101|CAMBERNARD|MUR|3|MUR|TO3|MUR|0062|MUR|31470|
102|CAMBIAC|TSE|4|TR|TO3|COL|0005|TO3|31460|
103|CANENS|MUR|1|MUR|TO3|MUR|0056|MUR|31310|
104|CAPENS|MUR|1|MUR|TO3|MUR|0056|MUR|31410|
105|CARAGOUDES|TSE|4|TR|TO3|COL|0005|TO3|31460|
106|CARAMAN|TSE|1|TR|TO3|COL|0005|TO3|31460|
107|CARBONNE|MUR|4|MUR|TO3|MUR|0056|MUR|31390|
108|CARDEILHAC|STG|4|STG|STG|STG|0048|STG|31350|
109|CASSAGNABERE-TOURNAS|STG|2|STG|STG|STG|0046|STG|31420|
110|CASSAGNE|STG|2|STG|STG|STG|0054|STG|31260|
111|CASTAGNAC|MUR|1|MUR|TO3|MUR|0056|MUR|31310|
112|CASTAGNEDE|STG|2|STG|STG|STG|0054|STG|31260|
113|CASTANET TOLOSAN|TR|3|TR|TO3|COL|0065|TO3|31320|
114|CASTELBIAGUE|STG|2|STG|STG|STG|0054|STG|31160|
115|CASTELGAILLARD|STG|2|STG|STG|STG|0048|STG|31230|
116|CASTELGINEST|TN|2|TN|TO3|TOU|0042|TO1|31780|
117|CASTELMAUROU|B|2|B|TO3|TOU|0092|TO1|31180|
118|CASTELNAU D ESTRETEFONDS|TN|2|TN|TO3|COL|0011|TO2|31620|
119|CASTELNAU PICAMPEAU|MUR|1|MUR|TO3|MUR|0056|MUR|31430|
121|CASTERA-VIGNOLES|STG|4|STG|STG|STG|0048|STG|31350|
122|CASTIES LABRANDE|MUR|1|MUR|TO3|MUR|0056|MUR|31430|
123|CASTILLON-DE-LARBOUST|STG|3|STG|STG|STG|0047|STG|31110|
124|CASTILLON-DE-ST-MARTORY|STG|1|STG|STG|STG|0054|STG|31360|
125|CATHERVIELLE|STG|3|STG|STG|STG|0047|STG|31110|
126|CAUBIAC|COL|3|COL|TO3|COL|0012|TO2|31480|
127|CAUBOUS|STG|3|STG|STG|STG|0047|STG|31110|
128|CAUJAC|MUR|3|MUR|TO3|MUR|0055|MUR|31190|
593|CAZAC|STG|2|STG|STG|STG|0048|STG|31230|
130|CAZARIL TAMBOURES|STG|4|STG|STG|STG|0051|STG|31580|
129|CAZARIL-LASPENES|STG|3|STG|STG|STG|0047|STG|31110|
131|CAZAUNOUS|STG|1|STG|STG|STG|0045|STG|31160|
132|CAZAUX-LAYRISSE|STG|3|STG|STG|STG|0052|STG|31440|
133|CAZEAUX-DE-LARBOUST|STG|3|STG|STG|STG|0047|STG|31110|
134|CAZENEUVE-MONTAUT|STG|2|STG|STG|STG|0046|STG|31420|
135|CAZERES SUR GARONNE|STG|1|STG|STG|MUR|0057|MUR|31220|
136|CEPET|TN|1|TN|TO3|COL|0011|TO2|31620|
137|CESSALES|TSE|4|TR|TO3|COL|0039|TO3|31290|
138|CHARLAS|STG|4|STG|STG|STG|0048|STG|31350|
139|CHAUM|STG|3|STG|STG|STG|0052|STG|31440|
140|CHEIN-DESSUS|STG|1|STG|STG|STG|0045|STG|31160|
141|CIADOUX|STG|4|STG|STG|STG|0048|STG|31350|
142|CIER-DE-LUCHON|STG|3|STG|STG|STG|0047|STG|31110|
143|CIER-DE-RIVIERE|STG|3|STG|STG|STG|0051|STG|31510|
144|CIERP GAUD|STG|3|STG|STG|STG|0052|STG|31440|
145|CINTEGABELLE|TR|3|TR|TO3|MUR|0055|MUR|31550|
146|CIRES|STG|3|STG|STG|STG|0047|STG|31110|
147|CLARAC|STG|4|STG|STG|STG|0051|STG|31210|
148|CLERMONT LE FORT|TR|2|TR|TO3|COL|0065|TO3|31810|
149|COLOMIERS|COL|0|COL|TO3|COL|0093|TO2|31770|
150|CORNEBARRIEU|COL|3|COL|TO3|COL|0043|TO2|31700|
151|CORRONSAC|TR|1|TR|TO3|COL|0003|TO3|31450|
152|COUEILLES|STG|2|STG|STG|STG|0048|STG|31230|
153|COULADERE|STG|1|STG|STG|MUR|0057|MUR|31220|
155|COURET|STG|1|STG|STG|STG|0045|STG|31160|
156|COX|COL|4|COL|TO3|COL|0012|TO2|31480|
157|CUGNAUX|TO|1|TMI|TO3|COL|0044|TO2|31270|
158|CUGURON|STG|4|STG|STG|STG|0051|STG|31210|
160|DAUX|COL|4|COL|TO3|COL|0012|TO2|31700|
161|DEYME|TR|1|TR|TO3|COL|0003|TO3|31450|
162|DONNEVILLE|TR|1|TR|TO3|COL|0003|TO3|31450|
163|DREMIL LAFAGE|B|1|B|TO3|TOU|0092|TO1|31280|
164|DRUDAS|COL|2|COL|TO3|COL|0012|TO2|31480|
165|EAUNES|MUR|1|MUR|TO3|MUR|0014|MUR|31600|
166|EMPEAUX|MUR|3|MUR|TO3|MUR|0062|MUR|31470|
167|ENCAUSSE-LES-THERMES|STG|1|STG|STG|STG|0045|STG|31160|
168|EOUX|STG|2|STG|STG|STG|0046|STG|31420|
169|ESCALQUENS|TSE|3|TR|TO3|COL|0003|TO3|31750|
170|ESCANECRABE|STG|4|STG|STG|STG|0048|STG|31350|
591|ESCOULIS|STG|2|STG|STG|STG|0054|STG|31260|
171|ESPANES|TR|1|TR|TO3|COL|0003|TO3|31450|
172|ESPARRON|STG|2|STG|STG|STG|0046|STG|31420|
173|ESPERCE|MUR|3|MUR|TO3|MUR|0055|MUR|31190|
174|ESTADENS|STG|1|STG|STG|STG|0045|STG|31160|
175|ESTANCARBON|STG|4|STG|STG|STG|0015|STG|31800|
176|ESTENOS|STG|3|STG|STG|STG|0052|STG|31440|
177|EUP|STG|3|STG|STG|STG|0052|STG|31440|
178|FABAS|STG|2|STG|STG|STG|0048|STG|31230|
180|FALGA|TSE|2|TR|TO3|COL|0021|TO3|31540|
182|FENOUILLET|TNO|1|TNO|TO3|TOU|0042|TO1|31150|
183|FIGAROL|STG|2|STG|STG|STG|0054|STG|31260|
184|FLOURENS|B|1|B|TO3|TOU|0092|TO1|31130|
185|FOLCARDE|TSE|4|TR|TO3|COL|0039|TO3|31290|
186|FONBEAUZARD|TN|1|TN|TO3|TOU|0032|TO1|31140|
187|FONSORBES|TO|4|TMI|TO3|MUR|0062|MUR|31470|
188|FONTENILLES|MUR|4|MUR|TO3|MUR|0062|MUR|31470|
189|FORGUES|MUR|2|MUR|TO3|MUR|0060|MUR|31370|
190|FOS|STG|3|STG|STG|STG|0052|STG|31440|
191|FOUGARON|STG|1|STG|STG|STG|0045|STG|31160|
192|FOURQUEVAUX|TSE|3|TR|TO3|COL|0003|TO3|31450|
194|FRANCARVILLE|TSE|1|TR|TO3|COL|0005|TO3|31460|
195|FRANCAZAL|STG|2|STG|STG|STG|0054|STG|31260|
196|FRANCON|STG|1|STG|STG|MUR|0057|MUR|31420|
197|FRANQUEVIELLE|STG|4|STG|STG|STG|0051|STG|31210|
199|FRONSAC|STG|3|STG|STG|STG|0052|STG|31440|
200|FRONTIGNAN-DE-COMMINGES|STG|3|STG|STG|STG|0051|STG|31510|
201|FRONTIGNAN-SAVES|STG|2|STG|STG|STG|0048|STG|31230|
202|FRONTON|TN|3|TN|TO3|COL|0011|TO2|31620|
203|FROUZINS|TSO|1|TMI|TO3|MUR|0029|MUR|31270|
204|FUSTIGNAC|MUR|1|MUR|TO3|MUR|0056|MUR|31430|
205|GAGNAC SUR GARONNE|TNO|1|TNO|TO3|TOU|0042|TO1|31150|
206|GAILLAC TOULZA|MUR|3|MUR|TO3|MUR|0055|MUR|31550|
207|GALIE|STG|3|STG|STG|STG|0051|STG|31510|
208|GANTIES|STG|1|STG|STG|STG|0045|STG|31160|
209|GARAC|COL|2|COL|TO3|COL|0012|TO2|31480|
210|GARDOUCH|TR|1|TR|TO3|COL|0039|TO3|31290|
211|GARGAS|TN|4|TN|TO3|COL|0032|TO2|31620|
212|GARIDECH|B|1|B|TO3|COL|0092|TO3|31380|
213|GARIN|STG|3|STG|STG|STG|0047|STG|31110|
215|GAURE|B|1|B|TO3|COL|0092|TO3|31590|
216|GEMIL|B|2|B|TO3|COL|0092|TO3|31380|
217|GENOS|STG|3|STG|STG|STG|0051|STG|31510|
218|GENSAC DE BOULOGNE|STG|4|STG|STG|STG|0048|STG|31350|
219|GENSAC SUR GARONNE|MUR|3|MUR|TO3|MUR|0056|MUR|31310|
220|GIBEL|TR|3|TR|TO3|COL|0020|TO3|31560|
221|GOUAUX-DE-LARBOUST|STG|3|STG|STG|STG|0047|STG|31110|
222|GOUAUX-DE-LUCHON|STG|3|STG|STG|STG|0047|STG|31110|
223|GOUDEX|STG|2|STG|STG|STG|0048|STG|31230|
224|GOURDAN-POLIGNAN|STG|3|STG|STG|STG|0051|STG|31210|
225|GOUTEVERNISSE|MUR|4|MUR|TO3|MUR|0056|MUR|31310|
226|GOUZENS|MUR|3|MUR|TO3|MUR|0056|MUR|31310|
227|GOYRANS|TR|1|TR|TO3|COL|0065|TO3|31120|
228|GRAGNAGUE|B|2|B|TO3|COL|0092|TO3|31380|
229|GRATENS|MUR|1|MUR|TO3|MUR|0056|MUR|31430|
230|GRATENTOUR|TN|1|TN|TO3|COL|0032|TO2|31150|
231|GRAZAC|MUR|3|MUR|TO3|MUR|0055|MUR|31190|
232|GRENADE SUR GARONNE|COL|4|COL|TO3|COL|0012|TO2|31330|
233|GREPIAC|MUR|3|MUR|TO3|MUR|0055|MUR|31190|
235|GURAN|STG|3|STG|STG|STG|0052|STG|31440|
236|HERRAN|STG|1|STG|STG|STG|0045|STG|31160|
237|HIS|STG|2|STG|STG|STG|0054|STG|31260|
238|HUOS|STG|3|STG|STG|STG|0051|STG|31210|
240|ISSUS|TR|1|TR|TO3|COL|0003|TO3|31450|
241|IZAUT-DE-L HOTEL|STG|1|STG|STG|STG|0045|STG|31160|
242|JURVIELLE|STG|3|STG|STG|STG|0047|STG|31110|
243|JUZES|TSE|2|TR|TO3|COL|0021|TO3|31540|
245|JUZET-D IZAUT|STG|1|STG|STG|STG|0045|STG|31160|
244|JUZET-DE-LUCHON|STG|3|STG|STG|STG|0047|STG|31110|
239|L ISLE-EN-DODON|STG|2|STG|STG|STG|0048|STG|31230|
561|L UNION|B|3|B|TO3|TOU|0032|TO1|31240|
527|LA SALVETAT LAURAGAIS|TSE|1|TR|TO3|COL|0005|TO3|31460|
526|LA SALVETAT ST GILLES|COL|3|COL|TO3|COL|0093|TO2|31880|
246|LABARTHE INARD|STG|4|STG|STG|STG|0015|STG|31800|
247|LABARTHE RIVIERE|STG|4|STG|STG|STG|0015|STG|31800|
248|LABARTHE-SUR-LEZE|TSO|2|TMI|TO3|MUR|0029|MUR|31860|
249|LABASTIDE BEAUVOIR|TSE|3|TR|TO3|COL|0003|TO3|31450|
250|LABASTIDE CLERMONT|MUR|2|MUR|TO3|MUR|0060|MUR|31370|
252|LABASTIDE ST SERNIN|B|4|B|TO3|COL|0032|TO2|31620|
251|LABASTIDE-PAUMES|STG|2|STG|STG|STG|0048|STG|31230|
253|LABASTIDETTE|MUR|2|MUR|TO3|MUR|0014|MUR|31600|
254|LABEGE|TSE|1|TR|TO3|COL|0028|TO3|31670|
255|LABROQUERE|STG|3|STG|STG|STG|0051|STG|31510|
256|LABRUYERE DORSA|MUR|3|MUR|TO3|MUR|0055|MUR|31190|
258|LACAUGNE|MUR|1|MUR|TO3|MUR|0056|MUR|31390|
259|LACROIX FALGARDE|TR|4|TR|TO3|COL|0065|TO3|31120|
260|LAFFITE-TOUPIERE|STG|1|STG|STG|STG|0054|STG|31360|
261|LAFITTE VIGORDANE|MUR|3|MUR|TO3|MUR|0056|MUR|31390|
262|LAGARDE|TR|3|TR|TO3|COL|0039|TO3|31290|
263|LAGARDELLE SUR LEZE|MUR|1|MUR|TO3|MUR|0014|MUR|31870|
264|LAGRACE DIEU|MUR|3|MUR|TO3|MUR|0055|MUR|31190|
265|LAGRAULET ST NICOLAS|COL|2|COL|TO3|COL|0012|TO2|31480|
266|LAHAGE|MUR|2|MUR|TO3|MUR|0060|MUR|31370|
267|LAHITERE|MUR|3|MUR|TO3|MUR|0056|MUR|31310|
268|LALOURET LAFFITEAU|STG|4|STG|STG|STG|0015|STG|31800|
311|LA-MAGDELAINE-SUR-TARN|B|4|B|TO3|COL|0092|TO2|31340|
269|LAMASQUERE|MUR|2|MUR|TO3|MUR|0062|MUR|31600|
270|LANDORTHE|STG|4|STG|STG|STG|0015|STG|31800|
271|LANTA|TSE|1|TR|TO3|COL|0005|TO3|31570|
272|LAPEYRERE|MUR|3|MUR|TO3|MUR|0056|MUR|31310|
273|LAPEYROUSE FOSSAT|B|4|B|TO3|COL|0032|TO3|31180|
274|LARCAN|STG|4|STG|STG|STG|0015|STG|31800|
275|LAREOLE|COL|2|COL|TO3|COL|0012|TO2|31480|
592|LARRA|COL|1|COL|TO3|COL|0012|TO2|31330|
276|LARROQUE|STG|4|STG|STG|STG|0048|STG|31580|
277|LASSERRE|COL|3|COL|TO3|COL|0093|TO2|31530|
278|LATOUE|STG|2|STG|STG|STG|0046|STG|31800|
279|LATOUR|MUR|3|MUR|TO3|MUR|0056|MUR|31310|
280|LATRAPE|MUR|1|MUR|TO3|MUR|0056|MUR|31310|
281|LAUNAC|COL|4|COL|TO3|COL|0012|TO2|31330|
282|LAUNAGUET|TN|4|TN|TO3|TOU|0032|TO1|31140|
283|LAUTIGNAC|MUR|2|MUR|TO3|MUR|0060|MUR|31370|
284|LAUZERVILLE|TSE|1|TR|TO3|COL|0005|TO3|31650|
285|LAVALETTE|B|2|B|TO3|COL|0092|TO3|31590|
286|LAVELANET DE COMMINGES|MUR|1|MUR|TO3|MUR|0056|MUR|31220|
287|LAVERNOSE LACASSE|MUR|2|MUR|TO3|MUR|0014|MUR|31410|
288|LAYRAC SUR TARN|B|4|B|TO3|COL|0092|TO2|31340|
077|LE BORN|B|4|B|TO3|COL|0092|TO2|31340|
093|LE BURGAUD|COL|4|COL|TO3|COL|0012|TO2|31330|
097|LE CABANIAL|TSE|1|TR|TO3|COL|0005|TO3|31460|
120|LE CASTERA|COL|3|COL|TO3|COL|0012|TO2|31530|
159|LE CUING|STG|4|STG|STG|STG|0051|STG|31210|
179|LE FAGET|TSE|1|TR|TO3|COL|0005|TO3|31460|
181|LE FAUGA|MUR|1|MUR|TO3|MUR|0014|MUR|31410|
193|LE FOUSSERET|MUR|1|MUR|TO3|MUR|0056|MUR|31430|
198|LE FRECHET|STG|1|STG|STG|STG|0054|STG|31360|
234|LE GRES|COL|4|COL|TO3|COL|0012|TO2|31480|
419|LE PIN MURELET|MUR|2|MUR|TO3|MUR|0060|MUR|31370|
425|LE PLAN|STG|1|STG|STG|MUR|0057|MUR|31220|
289|LECUSSAN|STG|4|STG|STG|STG|0051|STG|31580|
290|LEGE|STG|3|STG|STG|STG|0052|STG|31440|
291|LEGUEVIN|COL|3|COL|TO3|COL|0093|TO2|31490|
556|LES TOUREILLES|STG|4|STG|STG|STG|0051|STG|31210|
292|LESCUNS|STG|1|STG|STG|MUR|0057|MUR|31220|
293|LESPINASSE|TN|4|TN|TO3|COL|0011|TO2|31150|
294|LESPITEAU|STG|4|STG|STG|STG|0015|STG|31160|
295|LESPUGUE|STG|4|STG|STG|STG|0048|STG|31350|
296|LESTELLE-DE-ST-MARTORY|STG|1|STG|STG|STG|0054|STG|31360|
297|LEVIGNAC SUR SAVE|COL|4|COL|TO3|COL|0093|TO2|31530|
298|LEZ|STG|3|STG|STG|STG|0052|STG|31440|
299|LHERM|MUR|2|MUR|TO3|MUR|0014|MUR|31600|
300|LIEOUX|STG|1|STG|STG|STG|0015|STG|31800|
301|LILHAC|STG|2|STG|STG|STG|0048|STG|31230|
302|LODES|STG|4|STG|STG|STG|0015|STG|31800|
303|LONGAGES|MUR|4|MUR|TO3|MUR|0056|MUR|31410|
304|LOUBENS LAURAGAIS|TSE|1|TR|TO3|COL|0005|TO3|31460|
305|LOUDET|STG|4|STG|STG|STG|0051|STG|31580|
306|LOURDE|STG|3|STG|STG|STG|0051|STG|31510|
307|LUNAX|STG|4|STG|STG|STG|0048|STG|31350|fusion avec 412
308|LUSCAN|STG|3|STG|STG|STG|0051|STG|31510|
309|LUSSAN ADEILHAC|MUR|1|MUR|TO3|MUR|0056|MUR|31430|
310|LUX|TSE|4|TR|TO3|COL|0039|TO3|31290|
312|MAILHOLAS|MUR|4|MUR|TO3|MUR|0056|MUR|31310|
313|MALVEZIE|STG|3|STG|STG|STG|0051|STG|31510|
314|MANCIOUX|STG|2|STG|STG|STG|0054|STG|31360|
315|MANE|STG|2|STG|STG|STG|0054|STG|31260|
316|MARIGNAC|STG|3|STG|STG|STG|0052|STG|31440|
317|MARIGNAC LASCLARES|MUR|1|MUR|TO3|MUR|0056|MUR|31430|
318|MARIGNAC LASPEYRES|STG|1|STG|STG|MUR|0057|MUR|31220|
319|MARLIAC|MUR|3|MUR|TO3|MUR|0055|MUR|31550|
320|MARQUEFAVE|MUR|3|MUR|TO3|MUR|0056|MUR|31390|
321|MARSOULAS|STG|2|STG|STG|STG|0054|STG|31260|
322|MARTISSERRE|STG|2|STG|STG|STG|0048|STG|31230|
324|MARTRES TOLOSANE|STG|1|STG|STG|MUR|0057|MUR|31220|
323|MARTRES-DE-RIVIERE|STG|3|STG|STG|STG|0051|STG|31210|
325|MASCARVILLE|TSE|1|TR|TO3|COL|0005|TO3|31460|
326|MASSABRAC|MUR|1|MUR|TO3|MUR|0056|MUR|31310|
327|MAURAN|STG|1|STG|STG|MUR|0057|MUR|31220|
328|MAUREMONT|TSE|4|TR|TO3|COL|0039|TO3|31290|
329|MAURENS|TSE|2|TR|TO3|COL|0021|TO3|31540|
330|MAURESSAC|MUR|3|MUR|TO3|MUR|0055|MUR|31190|
331|MAUREVILLE|TSE|4|TR|TO3|COL|0005|TO3|31460|
332|MAUVAISIN|TR|3|TR|TO3|COL|0020|TO3|31190|
333|MAUVEZIN|STG|2|STG|STG|STG|0048|STG|31230|
334|MAUZAC|MUR|1|MUR|TO3|MUR|0056|MUR|31410|
335|MAYREGNE|STG|3|STG|STG|STG|0047|STG|31110|
336|MAZERES-SUR-SALAT|STG|2|STG|STG|STG|0054|STG|31260|
337|MELLES|STG|3|STG|STG|STG|0052|STG|31440|
338|MENVILLE|COL|1|COL|TO3|COL|0012|TO2|31530|
339|MERENVIELLE|COL|1|COL|TO3|COL|0093|TO2|31530|
340|MERVILLA|TR|4|TR|TO3|COL|0065|TO3|31320|
341|MERVILLE|COL|4|COL|TO3|COL|0012|TO2|31330|
342|MILHAS|STG|1|STG|STG|STG|0045|STG|31160|
343|MIRAMBEAU|STG|2|STG|STG|STG|0048|STG|31230|
344|MIRAMONT DE COMMINGES|STG|4|STG|STG|STG|0015|STG|31800|
345|MIREMONT|MUR|3|MUR|TO3|MUR|0055|MUR|31190|
346|MIREPOIX SUR TARN|B|4|B|TO3|COL|0092|TO2|31340|
347|MOLAS|STG|2|STG|STG|STG|0048|STG|31230|
348|MONCAUP|STG|1|STG|STG|STG|0045|STG|31160|
349|MONDAVEZAN|STG|1|STG|STG|MUR|0057|MUR|31220|
350|MONDILHAN|STG|4|STG|STG|STG|0048|STG|31350|
351|MONDONVILLE|COL|1|COL|TO3|COL|0043|TO2|31700|
352|MONDOUZIL|B|2|B|TO3|TOU|0092|TO1|31850|
353|MONES|MUR|2|MUR|TO3|MUR|0060|MUR|31370|
354|MONESTROL|TR|3|TR|TO3|COL|0020|TO3|31560|
355|MONS|B|2|B|TO3|TOU|0092|TO1|31280|
356|MONTAIGUT SUR SAVE|COL|1|COL|TO3|COL|0012|TO2|31530|
358|MONTASTRUC LA CONSEILLERE|B|2|B|TO3|COL|0092|TO3|31380|
359|MONTASTRUC SAVES|MUR|2|MUR|TO3|MUR|0060|MUR|31370|
357|MONTASTRUC-DE-SALIES|STG|2|STG|STG|STG|0054|STG|31160|
360|MONTAUBAN-DE-LUCHON|STG|3|STG|STG|STG|0047|STG|31110|
361|MONTAUT|MUR|1|MUR|TO3|MUR|0056|MUR|31410|
362|MONTBERAUD|STG|1|STG|STG|MUR|0057|MUR|31220|
363|MONTBERNARD|STG|2|STG|STG|STG|0048|STG|31230|
364|MONTBERON|B|4|B|TO3|TOU|0032|TO1|31140|
365|MONTBRUN BOCAGE|MUR|1|MUR|TO3|MUR|0056|MUR|31310|
366|MONTBRUN LAURAGAIS|TR|1|TR|TO3|COL|0003|TO3|31450|
367|MONTCLAR DE COMMINGES|STG|1|STG|STG|MUR|0057|MUR|31220|
368|MONTCLAR LAURAGAIS|TR|3|TR|TO3|COL|0039|TO3|31290|
369|MONT-DE-GALIE|STG|3|STG|STG|STG|0051|STG|31510|
370|MONTEGUT BOURJAC|MUR|1|MUR|TO3|MUR|0056|MUR|31430|
371|MONTEGUT LAURAGAIS|TSE|2|TR|TO3|COL|0021|TO3|31540|
372|MONTESPAN|STG|2|STG|STG|STG|0054|STG|31260|
374|MONTESQUIEU LAURAGAIS|TR|4|TR|TO3|COL|0039|TO3|31450|
375|MONTESQUIEU VOLVESTRE|MUR|1|MUR|TO3|MUR|0056|MUR|31310|
373|MONTESQUIEU-GUITTAUT|STG|2|STG|STG|STG|0048|STG|31230|
377|MONTGAILLARD LAURAGAIS|TSE|4|TR|TO3|COL|0039|TO3|31290|
376|MONTGAILLARD-DE-SALIES|STG|2|STG|STG|STG|0054|STG|31260|
378|MONTGAILLARD-SUR-SAVE|STG|4|STG|STG|STG|0048|STG|31350|
379|MONTGAZIN|MUR|1|MUR|TO3|MUR|0056|MUR|31410|
380|MONTGEARD|TR|3|TR|TO3|COL|0020|TO3|31560|
381|MONTGISCARD|TR|1|TR|TO3|COL|0003|TO3|31450|
382|MONTGRAS|MUR|2|MUR|TO3|MUR|0060|MUR|31370|
383|MONTJOIRE|B|4|B|TO3|COL|0032|TO3|31380|
384|MONTLAUR|TSE|3|TR|TO3|COL|0003|TO3|31450|
385|MONTMAURIN|STG|4|STG|STG|STG|0048|STG|31350|
386|MONTOULIEU-ST-BERNARD|STG|2|STG|STG|STG|0046|STG|31420|
387|MONTOUSSIN|MUR|1|MUR|TO3|MUR|0056|MUR|31430|
388|MONTPITOL|B|2|B|TO3|COL|0092|TO3|31380|
389|MONTRABE|B|2|B|TO3|TOU|0092|TO1|31850|
390|MONTREJEAU|STG|4|STG|STG|STG|0051|STG|31210|
391|MONTSAUNES|STG|2|STG|STG|STG|0054|STG|31260|
392|MOURVILLES BASSES|TSE|4|TR|TO3|COL|0005|TO3|31460|
393|MOURVILLES HAUTES|TSE|2|TR|TO3|COL|0021|TO3|31540|
394|MOUSTAJON|STG|3|STG|STG|STG|0047|STG|31110|
395|MURET|MUR|0|MUR|TO3|MUR|0014|MUR|31600|
396|NAILLOUX|TR|3|TR|TO3|COL|0020|TO3|31560|
397|NENIGAN|STG|4|STG|STG|STG|0048|STG|31350|
398|NIZAN-GESSE|STG|4|STG|STG|STG|0048|STG|31350|
399|NOE|MUR|1|MUR|TO3|MUR|0056|MUR|31410|
400|NOGARET|TSE|2|TR|TO3|COL|0021|TO3|31540|
401|NOUEILLES|TR|1|TR|TO3|COL|0003|TO3|31450|
402|ODARS|TSE|3|TR|TO3|COL|0003|TO3|31450|
403|ONDES|COL|3|COL|TO3|COL|0012|TO2|31330|
404|OO|STG|3|STG|STG|STG|0047|STG|31110|
405|ORE|STG|3|STG|STG|STG|0051|STG|31510|
406|PALAMINY|STG|1|STG|STG|MUR|0057|MUR|31220|
407|PAULHAC|B|4|B|TO3|COL|0092|TO3|31380|
408|PAYSSOUS|STG|3|STG|STG|STG|0051|STG|31510|
409|PECHABOU|TR|1|TR|TO3|COL|0065|TO3|31320|
410|PECHBONNIEU|TN|2|TN|TO3|TOU|0032|TO1|31140|
411|PECHBUSQUE|TR|4|TR|TO3|COL|0065|TO3|31320|
412|PEGUILHAN|STG|4|STG|STG|STG|0048|STG|31350|
413|PELLEPORT|COL|4|COL|TO3|COL|0012|TO2|31480|
414|PEYRISSAS|STG|2|STG|STG|STG|0046|STG|31420|
415|PEYROUZET|STG|2|STG|STG|STG|0046|STG|31420|
416|PEYSSIES|MUR|3|MUR|TO3|MUR|0056|MUR|31390|
417|PIBRAC|COL|3|COL|TO3|COL|0093|TO2|31820|
418|PIN BALMA|B|1|B|TO3|TOU|0092|TO1|31130|
421|PINS JUSTARET|TSO|2|TMI|TO3|MUR|0029|MUR|31860|
420|PINSAGUEL|TSO|1|TMI|TO3|MUR|0029|MUR|31120|
422|PLAGNE|STG|1|STG|STG|MUR|0057|MUR|31220|
423|PLAGNOLE|MUR|2|MUR|TO3|MUR|0060|MUR|31370|
424|PLAISANCE DU TOUCH|COL|2|COL|TO3|COL|0093|TO2|31830|
427|POINTIS INARD|STG|4|STG|STG|STG|0015|STG|31800|
426|POINTIS-DE-RIVIERE|STG|3|STG|STG|STG|0051|STG|31210|
428|POLASTRON|MUR|1|MUR|TO3|MUR|0056|MUR|31430|
429|POMPERTUZAT|TR|1|TR|TO3|COL|0003|TO3|31450|
430|PONLAT-TAILLEBOURG|STG|4|STG|STG|STG|0051|STG|31210|
433|PORTET SUR GARONNE|TSO|4|TMI|TO3|COL|0044|TO2|31120|
431|PORTET-D ASPET|STG|1|STG|STG|STG|0045|STG|31160|
432|PORTET-DE-LUCHON|STG|3|STG|STG|STG|0047|STG|31110|
434|POUBEAU|STG|3|STG|STG|STG|0047|STG|31110|
435|POUCHARRAMET|MUR|2|MUR|TO3|MUR|0060|MUR|31370|
436|POUY DE TOUGES|MUR|1|MUR|TO3|MUR|0056|MUR|31430|
437|POUZE|TR|1|TR|TO3|COL|0003|TO3|31450|
438|PRADERE LES BOURGUETS|COL|1|COL|TO3|COL|0093|TO2|31530|
439|PRESERVILLE|TSE|1|TR|TO3|COL|0005|TO3|31570|
440|PROUPIARY|STG|2|STG|STG|STG|0054|STG|31360|
441|PRUNET|TSE|1|TR|TO3|COL|0005|TO3|31460|
442|PUYDANIEL|MUR|3|MUR|TO3|MUR|0055|MUR|31190|
443|PUYMAURIN|STG|2|STG|STG|STG|0048|STG|31230|
444|PUYSSEGUR|COL|2|COL|TO3|COL|0012|TO2|31480|
445|QUINT|B|1|B|TO3|TOU|0092|TO1|31130|
446|RAMONVILLE ST AGNE|TR|4|TR|TO3|TOU|0065|TO1|31520|
447|RAZECUEILLE|STG|1|STG|STG|STG|0045|STG|31160|
448|REBIGUE|TR|3|TR|TO3|COL|0065|TO3|31320|
449|REGADES|STG|4|STG|STG|STG|0015|STG|31800|
450|RENNEVILLE|TSE|4|TR|TO3|COL|0039|TO3|31290|
451|REVEL|TSE|2|TR|TO3|COL|0021|TO3|31250|
452|RIEUCAZE|STG|4|STG|STG|STG|0015|STG|31800|
453|RIEUMAJOU|TSE|4|TR|TO3|COL|0039|TO3|31290|
454|RIEUMES|MUR|2|MUR|TO3|MUR|0060|MUR|31370|
455|RIEUX|MUR|4|MUR|TO3|MUR|0056|MUR|31310|
456|RIOLAS|STG|2|STG|STG|STG|0048|STG|31230|
457|ROQUEFORT-SUR-GARONNE|STG|2|STG|STG|STG|0054|STG|31360|
458|ROQUES|TSO|3|TMI|TO3|MUR|0029|MUR|31120|
459|ROQUESERIERE|B|2|B|TO3|COL|0092|TO3|31380|
460|ROQUETTES|TSO|3|TMI|TO3|MUR|0029|MUR|31120|
461|ROUEDE|STG|2|STG|STG|STG|0054|STG|31160|
462|ROUFFIAC TOLOSAN|B|3|B|TO3|TOU|0092|TO1|31180|
463|ROUMENS|TSE|2|TR|TO3|COL|0021|TO3|31540|
464|SABONNERES|MUR|3|MUR|TO3|MUR|0060|MUR|31370|
465|SACCOURVIELLE|STG|3|STG|STG|STG|0047|STG|31110|
466|SAIGUEDE|MUR|4|MUR|TO3|MUR|0062|MUR|31470|
467|SAINT-ALBAN|TNO|4|TNO|TO3|TOU|0042|TO1|31140|
468|SAINT-ANDRE|STG|2|STG|STG|STG|0046|STG|31420|
469|SAINT-ARAILLE|MUR|1|MUR|TO3|MUR|0056|MUR|31430|
470|SAINT-AVENTIN|STG|3|STG|STG|STG|0047|STG|31110|
471|SAINT-BEAT|STG|3|STG|STG|STG|0052|STG|31440|
472|SAINT-BERTRAND-DE-COMMINGES|STG|3|STG|STG|STG|0051|STG|31510|
473|SAINT-CEZERT|COL|4|COL|TO3|COL|0012|TO2|31330|
474|SAINT-CHRISTAUD|MUR|1|MUR|TO3|MUR|0056|MUR|31310|
475|SAINT-CLAR DE RIVIERE|MUR|2|MUR|TO3|MUR|0014|MUR|31600|
480|SAINTE-FOY D AIGREFEUILLE|TSE|1|TR|TO3|COL|0005|TO3|31570|
481|SAINTE-FOY DE PEYROLIERES|MUR|2|MUR|TO3|MUR|0062|MUR|31470|
496|SAINTE-LIVRADE|COL|1|COL|TO3|COL|0093|TO2|31530|
476|SAINT-ELIX LE CHATEAU|MUR|1|MUR|TO3|MUR|0056|MUR|31430|
477|SAINT-ELIX-SEGLAN|STG|2|STG|STG|STG|0046|STG|31420|
478|SAINT-FELIX LAURAGAIS|TSE|2|TR|TO3|COL|0021|TO3|31540|
479|SAINT-FERREOL|STG|4|STG|STG|STG|0048|STG|31350|
482|SAINT-FRAJOU|STG|2|STG|STG|STG|0048|STG|31230|
483|SAINT-GAUDENS|STG|1|STG|STG|STG|0015|STG|31800|
484|SAINT-GENIES BELLEVUE|TN|3|TN|TO3|TOU|0032|TO1|31180|
485|SAINT-GERMIER|TSE|4|TR|TO3|COL|0039|TO3|31290|
486|SAINT-HILAIRE|MUR|2|MUR|TO3|MUR|0014|MUR|31410|
487|SAINT-IGNAN|STG|4|STG|STG|STG|0015|STG|31800|
488|SAINT-JEAN|B|3|B|TO3|TOU|0032|TO1|31240|
489|SAINT-JEAN LHERM|B|2|B|TO3|COL|0092|TO3|31380|
490|SAINT-JORY|TN|1|TN|TO3|COL|0011|TO2|31790|
491|SAINT-JULIA|TSE|2|TR|TO3|COL|0021|TO3|31540|
492|SAINT-JULIEN|MUR|4|MUR|TO3|MUR|0056|MUR|31220|
493|SAINT-LARY-BOUJEAN|STG|4|STG|STG|STG|0048|STG|31350|
494|SAINT-LAURENT|STG|2|STG|STG|STG|0048|STG|31230|
495|SAINT-LEON|TR|1|TR|TO3|COL|0020|TO3|31560|
497|SAINT-LOUP CAMMAS|B|4|B|TO3|TOU|0032|TO1|31140|
498|SAINT-LOUP-EN-COMMINGES|STG|4|STG|STG|STG|0048|STG|31350|
499|SAINT-LYS|MUR|4|MUR|TO3|MUR|0062|MUR|31470|
500|SAINT-MAMET|STG|3|STG|STG|STG|0047|STG|31110|
501|SAINT-MARCEL PAULEL|B|2|B|TO3|COL|0092|TO3|31590|
502|SAINT-MARCET|STG|4|STG|STG|STG|0015|STG|31800|
503|SAINT-MARTORY|STG|2|STG|STG|STG|0054|STG|31360|
504|SAINT-MEDARD|STG|2|STG|STG|STG|0054|STG|31360|
505|SAINT-MICHEL|STG|1|STG|STG|MUR|0057|MUR|31220|
506|SAINT-ORENS DE GAMEVILLE|TSE|3|TR|TO3|COL|0028|TO3|31650|
507|SAINT-PAUL SUR SAVE|COL|2|COL|TO3|COL|0012|TO2|31530|
508|SAINT-PAUL-D OUEIL|STG|3|STG|STG|STG|0047|STG|31110|
509|SAINT-PE-D ARDET|STG|3|STG|STG|STG|0051|STG|31510|
510|SAINT-PE-DELBOSC|STG|4|STG|STG|STG|0048|STG|31350|
511|SAINT-PIERRE|B|1|B|TO3|COL|0092|TO3|31590|
512|SAINT-PIERRE DE LAGES|TSE|1|TR|TO3|COL|0005|TO3|31570|
513|SAINT-PLANCARD|STG|4|STG|STG|STG|0051|STG|31580|
514|SAINT-ROME|TSE|4|TR|TO3|COL|0039|TO3|31290|
515|SAINT-RUSTICE|TN|1|TN|TO3|COL|0011|TO2|31620|
516|SAINT-SAUVEUR|TN|3|TN|TO3|COL|0011|TO2|31790|
517|SAINT-SULPICE SUR LEZE|MUR|1|MUR|TO3|MUR|0056|MUR|31410|
518|SAINT-THOMAS|MUR|2|MUR|TO3|MUR|0062|MUR|31470|
519|SAINT-VINCENT|TSE|4|TR|TO3|COL|0039|TO3|31290|
520|SAJAS|MUR|3|MUR|TO3|MUR|0060|MUR|31370|
521|SALEICH|STG|2|STG|STG|STG|0054|STG|31260|
522|SALERM|STG|2|STG|STG|STG|0048|STG|31230|
523|SALIES-DU-SALAT|STG|2|STG|STG|STG|0054|STG|31260|
525|SALLES SUR GARONNE|MUR|4|MUR|TO3|MUR|0056|MUR|31390|
524|SALLES-ET-PRATVIEL|STG|3|STG|STG|STG|0047|STG|31110|
528|SAMAN|STG|4|STG|STG|STG|0048|STG|31350|
529|SAMOUILLAN|STG|2|STG|STG|STG|0046|STG|31420|
530|SANA|STG|1|STG|STG|MUR|0057|MUR|31220|
531|SARRECAVE|STG|4|STG|STG|STG|0048|STG|31350|
532|SARREMEZAN|STG|4|STG|STG|STG|0048|STG|31350|
533|SAUBENS|MUR|1|MUR|TO3|MUR|0014|MUR|31600|
534|SAUSSENS|TSE|1|TR|TO3|COL|0005|TO3|31460|
535|SAUVETERRE-DE-COMMINGES|STG|3|STG|STG|STG|0051|STG|31510|
536|SAUX ET POMAREDE|STG|4|STG|STG|STG|0015|STG|31800|
537|SAVARTHES|STG|4|STG|STG|STG|0015|STG|31800|
538|SAVERES|MUR|3|MUR|TO3|MUR|0060|MUR|31370|
539|SEDEILHAC|STG|4|STG|STG|STG|0051|STG|31580|
540|SEGREVILLE|TSE|4|TR|TO3|COL|0005|TO3|31460|
541|SEILH|COL|4|COL|TO3|COL|0043|TO2|31840|
542|SEILHAN|STG|3|STG|STG|STG|0051|STG|31510|
543|SENARENS|MUR|1|MUR|TO3|MUR|0056|MUR|31430|
544|SENGOUAGNET|STG|1|STG|STG|STG|0045|STG|31160|
545|SEPX|STG|2|STG|STG|STG|0054|STG|31360|
546|SEYRE|TR|3|TR|TO3|COL|0020|TO3|31560|
547|SEYSSES|MUR|2|MUR|TO3|MUR|0014|MUR|31600|
548|SIGNAC|STG|3|STG|STG|STG|0052|STG|31440|
549|SODE|STG|3|STG|STG|STG|0047|STG|31110|
550|SOUEICH|STG|1|STG|STG|STG|0045|STG|31160|
551|TARABEL|TSE|1|TR|TO3|COL|0005|TO3|31570|
552|TERREBASSE|STG|2|STG|STG|STG|0046|STG|31420|
553|THIL|COL|1|COL|TO3|COL|0012|TO2|31530|
554|TOUILLE|STG|2|STG|STG|STG|0054|STG|31260|
555|TOULOUSE|voir nomenclature des rues de Toulouse||||||||
557|TOURNEFEUILLE|TO|2|TMI|TO3|COL|0044|TO2|31170|
558|TOUTENS|TSE|4|TR|TO3|COL|0005|TO3|31460|
560|TREBONS SUR LA GRASSE|TSE|4|TR|TO3|COL|0039|TO3|31290|
559|TREBONS-DE-LUCHON|STG|3|STG|STG|STG|0047|STG|31110|
562|URAU|STG|2|STG|STG|STG|0054|STG|31260|
563|VACQUIERS|TN|1|TN|TO3|COL|0011|TO2|31340|
564|VALCABRERE|STG|3|STG|STG|STG|0051|STG|31510|
565|VALENTINE|STG|4|STG|STG|STG|0015|STG|31800|
566|VALLEGUE|TSE|4|TR|TO3|COL|0039|TO3|31290|
567|VALLESVILLES|TSE|1|TR|TO3|COL|0005|TO3|31570|
568|VARENNES|TSE|3|TR|TO3|COL|0003|TO3|31450|
569|VAUDREUILLE|TSE|2|TR|TO3|COL|0021|TO3|31250|
570|VAUX|TSE|2|TR|TO3|COL|0021|TO3|31540|
571|VENDINE|TSE|1|TR|TO3|COL|0005|TO3|31460|
572|VENERQUE|TR|2|TR|TO3|MUR|0055|MUR|31810|
573|VERFEIL|B|2|B|TO3|COL|0092|TO3|31590|
574|VERNET|MUR|3|MUR|TO3|MUR|0055|MUR|31810|
575|VIEILLE TOULOUSE|TR|1|TR|TO3|COL|0065|TO3|31320|
576|VIEILLEVIGNE|TSE|4|TR|TO3|COL|0039|TO3|31290|
577|VIGNAUX|COL|2|COL|TO3|COL|0012|TO2|31480|
578|VIGOULET AUZIL|TR|4|TR|TO3|COL|0065|TO3|31320|
579|VILLARIES|B|4|B|TO3|COL|0032|TO2|31380|
580|VILLATE|TSO|4|TMI|TO3|MUR|0029|MUR|31860|
581|VILLAUDRIC|TN|2|TN|TO3|COL|0011|TO2|31620|
582|VILLEFRANCHE DE LAURAGAIS|TSE|4|TR|TO3|COL|0039|TO3|31290|
583|VILLEMATIER|B|4|B|TO3|COL|0092|TO2|31340|
584|VILLEMUR SUR TARN|B|4|B|TO3|COL|0092|TO2|31340|
585|VILLENEUVE DE RIVIERE|STG|4|STG|STG|STG|0015|STG|31800|
587|VILLENEUVE LES BOULOC|TN|2|TN|TO3|COL|0011|TO2|31620|
588|VILLENEUVE TOLOSANE|TO|2|TMI|TO3|MUR|0044|MUR|31270|
586|VILLENEUVE-LECUSSAN|STG|4|STG|STG|STG|0051|STG|31580|
589|VILLENOUVELLE|TR|4|TR|TO3|COL|0039|TO3|31290|
